P_kPa,V_mm3,theta_deg,delta_mm,x_tip_mm,kappa_mid_1_per_mm,lam_axis,lam_outer,lam_cavity,wall_thin,lam_max,mode
0,5026.5,0,-0,100,0,1,1,1,1,1,pressure
5,5130.22,1.18204,1.02687,100.317,0.000205367,1.00324,1.00044,1.0086,0.992193,1.01931,pressure
10,5237.57,2.41332,2.10363,100.629,0.000419588,1.00659,1.00087,1.01732,0.98422,1.03904,pressure
15,5348.72,3.69619,3.2328,100.936,0.000643075,1.01006,1.00129,1.02615,0.976079,1.05921,pressure
20,5463.89,5.03321,4.4171,101.235,0.000876276,1.01365,1.00169,1.03511,0.967771,1.07984,pressure
25,5583.28,6.42713,5.65942,101.524,0.00111968,1.01738,1.00209,1.0442,0.959292,1.10095,pressure
30,5707.12,7.8809,6.96283,101.801,0.00137379,1.02124,1.00248,1.05343,0.95064,1.12256,pressure
35,5835.66,9.39769,8.33057,102.064,0.00163919,1.02525,1.00286,1.06282,0.941813,1.1447,pressure
40,5969.15,10.9809,9.76607,102.31,0.00191648,1.02942,1.00324,1.07235,0.932807,1.16739,pressure
45,6107.88,12.6342,11.2729,102.535,0.00220629,1.03374,1.00362,1.08205,0.923619,1.19067,pressure
50,6252.14,14.3614,12.8549,102.736,0.00250933,1.03824,1.004,1.09191,0.914246,1.21456,pressure
55,6402.24,16.1668,14.516,102.908,0.00282635,1.04292,1.00437,1.10195,0.904685,1.2391,pressure
60,6558.54,18.0549,16.2602,103.047,0.00315813,1.04779,1.00474,1.11216,0.894932,1.26432,pressure
65,6721.4,20.0304,18.0917,103.147,0.00350554,1.05287,1.00511,1.12256,0.884984,1.29025,pressure
70,6891.2,22.0985,20.0149,103.202,0.00386949,1.05816,1.00548,1.13316,0.874836,1.31694,pressure
75,7068.38,24.2647,22.0341,103.205,0.00425096,1.06368,1.00586,1.14395,0.864486,1.34443,pressure
80,7253.38,26.5348,24.1536,103.148,0.00465101,1.06944,1.00623,1.15494,0.853929,1.37275,pressure
85,7446.68,28.9152,26.3777,103.023,0.00507075,1.07545,1.00661,1.16615,0.843164,1.40195,pressure
90,7648.82,31.4125,28.7106,102.819,0.00551138,1.08174,1.00699,1.17757,0.832186,1.43207,pressure
95,7860.35,34.0339,31.1561,102.526,0.00597418,1.08832,1.00737,1.18921,0.820993,1.46316,pressure
100,8081.86,36.7871,33.7175,102.13,0.00646052,1.09521,1.00775,1.20108,0.809583,1.49528,pressure
105,8314,39.6801,36.3978,101.617,0.00697184,1.10243,1.00814,1.21317,0.797953,1.52846,pressure
110,8557.46,42.7216,39.1988,100.973,0.00750968,1.10999,1.00853,1.22551,0.786103,1.56277,pressure
